track_id,condition_id,method,generation,benchmark_stratum,opportunity_count,query_cost,scope_leakage,uar,frr,residual_escalation_rate
blind_bank,v04_cumulative,perception_closure_v04,1,corruption_composition_leave_out,2500,2379,0,0.0,0.0,0.202
blind_bank,v04_cumulative,perception_closure_v04,1,corruption_family_leave_out,2500,2385,0,0.0,0.0,0.2104
blind_bank,v04_cumulative,perception_closure_v04,1,domain_leave_out,2500,2366,0,0.0,0.0,0.224
blind_bank,v04_cumulative,perception_closure_v04,1,generator_leave_out,2500,2388,0,0.0,0.0,0.2124
blind_bank,v04_cumulative,perception_closure_v04,1,long_horizon_recurrence,2500,2358,0,0.0,0.0,0.224
blind_bank,v04_cumulative,perception_closure_v04,1,policy_semantic_transfer,2500,2378,0,0.0,0.0,0.2028
blind_bank,v04_fresh,perception_closure_v04,1,corruption_composition_leave_out,2500,2379,0,0.0,0.0,0.202
blind_bank,v04_fresh,perception_closure_v04,1,corruption_family_leave_out,2500,2385,0,0.0,0.0,0.2104
blind_bank,v04_fresh,perception_closure_v04,1,domain_leave_out,2500,2366,0,0.0,0.0,0.224
blind_bank,v04_fresh,perception_closure_v04,1,generator_leave_out,2500,2388,0,0.0,0.0,0.2124
blind_bank,v04_fresh,perception_closure_v04,1,long_horizon_recurrence,2500,2358,0,0.0,0.0,0.224
blind_bank,v04_fresh,perception_closure_v04,1,policy_semantic_transfer,2500,2378,0,0.0,0.0,0.2028
blind_bank,v04_frozen_after_g1,perception_closure_v04,1,corruption_composition_leave_out,2500,2379,0,0.0,0.0,0.202
blind_bank,v04_frozen_after_g1,perception_closure_v04,1,corruption_family_leave_out,2500,2385,0,0.0,0.0,0.2104
blind_bank,v04_frozen_after_g1,perception_closure_v04,1,domain_leave_out,2500,2366,0,0.0,0.0,0.224
blind_bank,v04_frozen_after_g1,perception_closure_v04,1,generator_leave_out,2500,2388,0,0.0,0.0,0.2124
blind_bank,v04_frozen_after_g1,perception_closure_v04,1,long_horizon_recurrence,2500,2358,0,0.0,0.0,0.224
blind_bank,v04_frozen_after_g1,perception_closure_v04,1,policy_semantic_transfer,2500,2378,0,0.0,0.0,0.2028
blind_bank,legacy_A0,legacy_mavs_sl,1,corruption_composition_leave_out,2500,0,0,0.006923837784371909,0.008059100067159167,0.1528
blind_bank,legacy_A0,legacy_mavs_sl,1,corruption_family_leave_out,2500,0,0,0.003003003003003003,0.010659560293137908,0.1568
blind_bank,legacy_A0,legacy_mavs_sl,1,domain_leave_out,2500,0,0,0.003639672429481347,0.019271948608137045,0.1488
blind_bank,legacy_A0,legacy_mavs_sl,1,generator_leave_out,2500,0,0,0.008447729672650475,0.014810045074050225,0.1592
blind_bank,legacy_A0,legacy_mavs_sl,1,long_horizon_recurrence,2500,0,0,0.006745362563237774,0.01293759512937595,0.144
blind_bank,legacy_A0,legacy_mavs_sl,1,policy_semantic_transfer,2500,0,0,0.003051881993896236,0.012524719841793012,0.1664
blind_bank,A1_frozen,legacy_mavs_sl,1,corruption_composition_leave_out,2500,0,0,0.0009891196834817012,0.004029550033579583,0.2888
blind_bank,A1_frozen,legacy_mavs_sl,1,corruption_family_leave_out,2500,0,0,0.0,0.001998667554963358,0.3064
blind_bank,A1_frozen,legacy_mavs_sl,1,domain_leave_out,2500,0,0,0.00272975432211101,0.004996431120628123,0.29
blind_bank,A1_frozen,legacy_mavs_sl,1,generator_leave_out,2500,0,0,0.0021119324181626186,0.003219575016097875,0.29
blind_bank,A1_frozen,legacy_mavs_sl,1,long_horizon_recurrence,2500,0,0,0.0016863406408094434,0.0030441400304414,0.2824
blind_bank,A1_frozen,legacy_mavs_sl,1,policy_semantic_transfer,2500,0,0,0.001017293997965412,0.003955174686882004,0.3032
blind_bank,A2_threshold_only,legacy_mavs_sl,1,corruption_composition_leave_out,2500,0,0,0.0009891196834817012,0.004029550033579583,0.2888
blind_bank,A2_threshold_only,legacy_mavs_sl,1,corruption_family_leave_out,2500,0,0,0.0,0.001998667554963358,0.3064
blind_bank,A2_threshold_only,legacy_mavs_sl,1,domain_leave_out,2500,0,0,0.00272975432211101,0.004996431120628123,0.29
blind_bank,A2_threshold_only,legacy_mavs_sl,1,generator_leave_out,2500,0,0,0.0021119324181626186,0.003219575016097875,0.29
blind_bank,A2_threshold_only,legacy_mavs_sl,1,long_horizon_recurrence,2500,0,0,0.0016863406408094434,0.0030441400304414,0.2824
blind_bank,A2_threshold_only,legacy_mavs_sl,1,policy_semantic_transfer,2500,0,0,0.001017293997965412,0.003955174686882004,0.3032
blind_bank,A3_selector_only,legacy_mavs_sl,1,corruption_composition_leave_out,2500,0,0,0.006923837784371909,0.008059100067159167,0.1528
blind_bank,A3_selector_only,legacy_mavs_sl,1,corruption_family_leave_out,2500,0,0,0.003003003003003003,0.010659560293137908,0.1568
blind_bank,A3_selector_only,legacy_mavs_sl,1,domain_leave_out,2500,0,0,0.003639672429481347,0.019271948608137045,0.1488
blind_bank,A3_selector_only,legacy_mavs_sl,1,generator_leave_out,2500,0,0,0.008447729672650475,0.014810045074050225,0.1592
blind_bank,A3_selector_only,legacy_mavs_sl,1,long_horizon_recurrence,2500,0,0,0.006745362563237774,0.01293759512937595,0.144
blind_bank,A3_selector_only,legacy_mavs_sl,1,policy_semantic_transfer,2500,0,0,0.003051881993896236,0.012524719841793012,0.1664
blind_bank,fixed_full_mavs,fixed_mavs,1,corruption_composition_leave_out,2500,0,0,0.0009891196834817012,0.004029550033579583,0.2888
blind_bank,fixed_full_mavs,fixed_mavs,1,corruption_family_leave_out,2500,0,0,0.0,0.001998667554963358,0.3064
blind_bank,fixed_full_mavs,fixed_mavs,1,domain_leave_out,2500,0,0,0.00272975432211101,0.004996431120628123,0.29
blind_bank,fixed_full_mavs,fixed_mavs,1,generator_leave_out,2500,0,0,0.0021119324181626186,0.003219575016097875,0.29
blind_bank,fixed_full_mavs,fixed_mavs,1,long_horizon_recurrence,2500,0,0,0.0016863406408094434,0.0030441400304414,0.2824
blind_bank,fixed_full_mavs,fixed_mavs,1,policy_semantic_transfer,2500,0,0,0.001017293997965412,0.003955174686882004,0.3032
blind_bank,ds_cf_lineage,ds_cf,1,corruption_composition_leave_out,2500,0,0,0.0009891196834817012,0.004029550033579583,0.2888
blind_bank,ds_cf_lineage,ds_cf,1,corruption_family_leave_out,2500,0,0,0.0,0.001998667554963358,0.3064
blind_bank,ds_cf_lineage,ds_cf,1,domain_leave_out,2500,0,0,0.00272975432211101,0.004996431120628123,0.29
blind_bank,ds_cf_lineage,ds_cf,1,generator_leave_out,2500,0,0,0.0021119324181626186,0.003219575016097875,0.29
blind_bank,ds_cf_lineage,ds_cf,1,long_horizon_recurrence,2500,0,0,0.0016863406408094434,0.0030441400304414,0.2824
blind_bank,ds_cf_lineage,ds_cf,1,policy_semantic_transfer,2500,0,0,0.001017293997965412,0.003955174686882004,0.3032
blind_bank,raw_memory,memory_control,1,corruption_composition_leave_out,2500,0,0,0.0009891196834817012,0.004029550033579583,0.2888
blind_bank,raw_memory,memory_control,1,corruption_family_leave_out,2500,0,0,0.0,0.001998667554963358,0.3064
blind_bank,raw_memory,memory_control,1,domain_leave_out,2500,0,0,0.00272975432211101,0.004996431120628123,0.29
blind_bank,raw_memory,memory_control,1,generator_leave_out,2500,0,0,0.0021119324181626186,0.003219575016097875,0.29
blind_bank,raw_memory,memory_control,1,long_horizon_recurrence,2500,0,0,0.0016863406408094434,0.0030441400304414,0.2824
blind_bank,raw_memory,memory_control,1,policy_semantic_transfer,2500,0,0,0.001017293997965412,0.003955174686882004,0.3032
blind_bank,matched_memory,memory_control,1,corruption_composition_leave_out,2500,0,0,0.0009891196834817012,0.004029550033579583,0.2888
blind_bank,matched_memory,memory_control,1,corruption_family_leave_out,2500,0,0,0.0,0.001998667554963358,0.3064
blind_bank,matched_memory,memory_control,1,domain_leave_out,2500,0,0,0.00272975432211101,0.004996431120628123,0.29
blind_bank,matched_memory,memory_control,1,generator_leave_out,2500,0,0,0.0021119324181626186,0.003219575016097875,0.29
blind_bank,matched_memory,memory_control,1,long_horizon_recurrence,2500,0,0,0.0016863406408094434,0.0030441400304414,0.2824
blind_bank,matched_memory,memory_control,1,policy_semantic_transfer,2500,0,0,0.001017293997965412,0.003955174686882004,0.3032
blind_bank,reduced_learning,reduced_learning,1,corruption_composition_leave_out,2500,0,0,0.006923837784371909,0.008059100067159167,0.1528
blind_bank,reduced_learning,reduced_learning,1,corruption_family_leave_out,2500,0,0,0.003003003003003003,0.010659560293137908,0.1568
blind_bank,reduced_learning,reduced_learning,1,domain_leave_out,2500,0,0,0.003639672429481347,0.019271948608137045,0.1488
blind_bank,reduced_learning,reduced_learning,1,generator_leave_out,2500,0,0,0.008447729672650475,0.014810045074050225,0.1592
blind_bank,reduced_learning,reduced_learning,1,long_horizon_recurrence,2500,0,0,0.006745362563237774,0.01293759512937595,0.144
blind_bank,reduced_learning,reduced_learning,1,policy_semantic_transfer,2500,0,0,0.003051881993896236,0.012524719841793012,0.1664
blind_bank,random_proposal,random_proposal,1,corruption_composition_leave_out,2500,0,0,0.35212660731948564,0.3700470114170584,0.2692
blind_bank,random_proposal,random_proposal,1,corruption_family_leave_out,2500,0,0,0.3863863863863864,0.36642238507661556,0.278
blind_bank,random_proposal,random_proposal,1,domain_leave_out,2500,0,0,0.36760691537761603,0.3683083511777302,0.2748
blind_bank,random_proposal,random_proposal,1,generator_leave_out,2500,0,0,0.35374868004223864,0.37475853187379266,0.2812
blind_bank,random_proposal,random_proposal,1,long_horizon_recurrence,2500,0,0,0.3760539629005059,0.3546423135464231,0.2736
blind_bank,random_proposal,random_proposal,1,policy_semantic_transfer,2500,0,0,0.3611393692777213,0.36651285431773234,0.2924
blind_bank,oracle_closure,oracle,1,corruption_composition_leave_out,2500,0,0,0.0,0.0,0.0
blind_bank,oracle_closure,oracle,1,corruption_family_leave_out,2500,0,0,0.0,0.0,0.0
blind_bank,oracle_closure,oracle,1,domain_leave_out,2500,0,0,0.0,0.0,0.0
blind_bank,oracle_closure,oracle,1,generator_leave_out,2500,0,0,0.0,0.0,0.0
blind_bank,oracle_closure,oracle,1,long_horizon_recurrence,2500,0,0,0.0,0.0,0.0
blind_bank,oracle_closure,oracle,1,policy_semantic_transfer,2500,0,0,0.0,0.0,0.0
blind_bank,I1,perception_closure_v04,1,corruption_composition_leave_out,2500,0,0,0.0,0.0,0.9516
blind_bank,I1,perception_closure_v04,1,corruption_family_leave_out,2500,0,0,0.0,0.0,0.954
blind_bank,I1,perception_closure_v04,1,domain_leave_out,2500,0,0,0.0,0.0,0.9464
blind_bank,I1,perception_closure_v04,1,generator_leave_out,2500,0,0,0.0,0.0,0.9552
blind_bank,I1,perception_closure_v04,1,long_horizon_recurrence,2500,0,0,0.0,0.0,0.9432
blind_bank,I1,perception_closure_v04,1,policy_semantic_transfer,2500,0,0,0.0,0.0,0.9512
blind_bank,I2,perception_closure_v04,1,corruption_composition_leave_out,2500,2379,0,0.0,0.0,0.202
blind_bank,I2,perception_closure_v04,1,corruption_family_leave_out,2500,2385,0,0.0,0.0,0.2104
blind_bank,I2,perception_closure_v04,1,domain_leave_out,2500,2366,0,0.0,0.0,0.224
blind_bank,I2,perception_closure_v04,1,generator_leave_out,2500,2388,0,0.0,0.0,0.2124
blind_bank,I2,perception_closure_v04,1,long_horizon_recurrence,2500,2358,0,0.0,0.0,0.224
blind_bank,I2,perception_closure_v04,1,policy_semantic_transfer,2500,2378,0,0.0,0.0,0.2028
blind_bank,I3,perception_closure_v04,1,corruption_composition_leave_out,2500,2379,0,0.0,0.0,0.202
blind_bank,I3,perception_closure_v04,1,corruption_family_leave_out,2500,2385,0,0.0,0.0,0.2104
blind_bank,I3,perception_closure_v04,1,domain_leave_out,2500,2366,0,0.0,0.0,0.224
blind_bank,I3,perception_closure_v04,1,generator_leave_out,2500,2388,0,0.0,0.0,0.2124
blind_bank,I3,perception_closure_v04,1,long_horizon_recurrence,2500,2358,0,0.0,0.0,0.224
blind_bank,I3,perception_closure_v04,1,policy_semantic_transfer,2500,2378,0,0.0,0.0,0.2028
blind_bank,I6,perception_closure_v04,1,corruption_composition_leave_out,2500,2379,0,0.0,0.0,0.202
blind_bank,I6,perception_closure_v04,1,corruption_family_leave_out,2500,2385,0,0.0,0.0,0.2104
blind_bank,I6,perception_closure_v04,1,domain_leave_out,2500,2366,0,0.0,0.0,0.224
blind_bank,I6,perception_closure_v04,1,generator_leave_out,2500,2388,0,0.0,0.0,0.2124
blind_bank,I6,perception_closure_v04,1,long_horizon_recurrence,2500,2358,0,0.0,0.0,0.224
blind_bank,I6,perception_closure_v04,1,policy_semantic_transfer,2500,2378,0,0.0,0.0,0.2028
blind_bank,I7,perception_closure_v04,1,corruption_composition_leave_out,2500,2379,0,0.0,0.0,0.202
blind_bank,I7,perception_closure_v04,1,corruption_family_leave_out,2500,2385,0,0.0,0.0,0.2104
blind_bank,I7,perception_closure_v04,1,domain_leave_out,2500,2366,0,0.0,0.0,0.224
blind_bank,I7,perception_closure_v04,1,generator_leave_out,2500,2388,0,0.0,0.0,0.2124
blind_bank,I7,perception_closure_v04,1,long_horizon_recurrence,2500,2358,0,0.0,0.0,0.224
blind_bank,I7,perception_closure_v04,1,policy_semantic_transfer,2500,2378,0,0.0,0.0,0.2028
blind_bank,I8,perception_closure_v04,1,corruption_composition_leave_out,2500,2379,0,0.0,0.0,0.202
blind_bank,I8,perception_closure_v04,1,corruption_family_leave_out,2500,2385,0,0.0,0.0,0.2104
blind_bank,I8,perception_closure_v04,1,domain_leave_out,2500,2366,0,0.0,0.0,0.224
blind_bank,I8,perception_closure_v04,1,generator_leave_out,2500,2388,0,0.0,0.0,0.2124
blind_bank,I8,perception_closure_v04,1,long_horizon_recurrence,2500,2358,0,0.0,0.0,0.224
blind_bank,I8,perception_closure_v04,1,policy_semantic_transfer,2500,2378,0,0.0,0.0,0.2028
blind_bank,I9,perception_closure_v04,1,corruption_composition_leave_out,2500,2379,0,0.0019782393669634025,0.004029550033579583,0.2008
blind_bank,I9,perception_closure_v04,1,corruption_family_leave_out,2500,2385,0,0.004004004004004004,0.001998667554963358,0.2096
blind_bank,I9,perception_closure_v04,1,domain_leave_out,2500,2366,0,0.003639672429481347,0.006423982869379015,0.2232
blind_bank,I9,perception_closure_v04,1,generator_leave_out,2500,2388,0,0.0,0.0019317450096587251,0.2112
blind_bank,I9,perception_closure_v04,1,long_horizon_recurrence,2500,2358,0,0.0016863406408094434,0.0015220700152207,0.2232
blind_bank,I9,perception_closure_v04,1,policy_semantic_transfer,2500,2378,0,0.004069175991861648,0.001977587343441002,0.2012
blind_bank,P1,perception_closure_v04,1,corruption_composition_leave_out,2500,0,0,0.0,0.0,0.9516
blind_bank,P1,perception_closure_v04,1,corruption_family_leave_out,2500,0,0,0.0,0.0,0.954
blind_bank,P1,perception_closure_v04,1,domain_leave_out,2500,0,0,0.0,0.0,0.9464
blind_bank,P1,perception_closure_v04,1,generator_leave_out,2500,0,0,0.0,0.0,0.9552
blind_bank,P1,perception_closure_v04,1,long_horizon_recurrence,2500,0,0,0.0,0.0,0.9432
blind_bank,P1,perception_closure_v04,1,policy_semantic_transfer,2500,0,0,0.0,0.0,0.9512
blind_bank,P4,perception_closure_v04,1,corruption_composition_leave_out,2500,0,0,0.0,0.0,0.9516
blind_bank,P4,perception_closure_v04,1,corruption_family_leave_out,2500,0,0,0.0,0.0,0.954
blind_bank,P4,perception_closure_v04,1,domain_leave_out,2500,0,0,0.0,0.0,0.9464
blind_bank,P4,perception_closure_v04,1,generator_leave_out,2500,0,0,0.0,0.0,0.9552
blind_bank,P4,perception_closure_v04,1,long_horizon_recurrence,2500,0,0,0.0,0.0,0.9432
blind_bank,P4,perception_closure_v04,1,policy_semantic_transfer,2500,0,0,0.0,0.0,0.9512
blind_bank,P5,perception_closure_v04,1,corruption_composition_leave_out,2500,2379,1,0.0,0.0,0.202
blind_bank,P5,perception_closure_v04,1,corruption_family_leave_out,2500,2385,2,0.0,0.0006662225183211193,0.21
blind_bank,P5,perception_closure_v04,1,domain_leave_out,2500,2366,2,0.0,0.0,0.2236
blind_bank,P5,perception_closure_v04,1,generator_leave_out,2500,2388,1,0.0,0.0,0.2124
blind_bank,P5,perception_closure_v04,1,long_horizon_recurrence,2500,2358,1,0.0,0.0,0.2236
blind_bank,P5,perception_closure_v04,1,policy_semantic_transfer,2500,2378,0,0.0,0.0,0.2028
blind_bank,P6,perception_closure_v04,1,corruption_composition_leave_out,2500,2379,0,0.0,0.0,0.202
blind_bank,P6,perception_closure_v04,1,corruption_family_leave_out,2500,2385,0,0.0,0.0,0.2104
blind_bank,P6,perception_closure_v04,1,domain_leave_out,2500,2366,0,0.0,0.0,0.224
blind_bank,P6,perception_closure_v04,1,generator_leave_out,2500,2388,0,0.0,0.0,0.2124
blind_bank,P6,perception_closure_v04,1,long_horizon_recurrence,2500,2358,0,0.0,0.0,0.224
blind_bank,P6,perception_closure_v04,1,policy_semantic_transfer,2500,2378,0,0.0,0.0,0.2028
blind_bank,P7,perception_closure_v04,1,corruption_composition_leave_out,2500,2379,0,0.0,0.005372733378106112,0.2012
blind_bank,P7,perception_closure_v04,1,corruption_family_leave_out,2500,2385,0,0.0,0.002664890073284477,0.2104
blind_bank,P7,perception_closure_v04,1,domain_leave_out,2500,2366,0,0.0,0.0014275517487508922,0.2236
blind_bank,P7,perception_closure_v04,1,generator_leave_out,2500,2388,0,0.0,0.004507405022537025,0.212
blind_bank,P7,perception_closure_v04,1,long_horizon_recurrence,2500,2358,0,0.0,0.00532724505327245,0.2232
blind_bank,P7,perception_closure_v04,1,policy_semantic_transfer,2500,2378,0,0.0,0.003955174686882004,0.2024
blind_bank,P8,perception_closure_v04,1,corruption_composition_leave_out,2500,2379,0,0.0,0.005372733378106112,0.2012
blind_bank,P8,perception_closure_v04,1,corruption_family_leave_out,2500,2385,0,0.0,0.002664890073284477,0.2104
blind_bank,P8,perception_closure_v04,1,domain_leave_out,2500,2366,0,0.0,0.0014275517487508922,0.2236
blind_bank,P8,perception_closure_v04,1,generator_leave_out,2500,2388,0,0.0,0.004507405022537025,0.212
blind_bank,P8,perception_closure_v04,1,long_horizon_recurrence,2500,2358,0,0.0,0.00532724505327245,0.2232
blind_bank,P8,perception_closure_v04,1,policy_semantic_transfer,2500,2378,0,0.0,0.003955174686882004,0.2024
blind_bank,P9,perception_closure_v04,1,corruption_composition_leave_out,2500,2379,0,0.0,0.0,0.2016
blind_bank,P9,perception_closure_v04,1,corruption_family_leave_out,2500,2385,0,0.0,0.0,0.2096
blind_bank,P9,perception_closure_v04,1,domain_leave_out,2500,2366,0,0.0,0.0021413276231263384,0.2224
blind_bank,P9,perception_closure_v04,1,generator_leave_out,2500,2388,0,0.0,0.0,0.212
blind_bank,P9,perception_closure_v04,1,long_horizon_recurrence,2500,2358,0,0.0,0.0,0.2232
blind_bank,P9,perception_closure_v04,1,policy_semantic_transfer,2500,2378,0,0.0,0.0013183915622940012,0.202
blind_bank,P10,perception_closure_v04,1,corruption_composition_leave_out,2500,2379,0,0.0,0.0,0.2016
blind_bank,P10,perception_closure_v04,1,corruption_family_leave_out,2500,2385,0,0.0,0.0,0.2096
blind_bank,P10,perception_closure_v04,1,domain_leave_out,2500,2366,0,0.0,0.0021413276231263384,0.2224
blind_bank,P10,perception_closure_v04,1,generator_leave_out,2500,2388,0,0.0,0.0,0.212
blind_bank,P10,perception_closure_v04,1,long_horizon_recurrence,2500,2358,0,0.0,0.0,0.2232
blind_bank,P10,perception_closure_v04,1,policy_semantic_transfer,2500,2378,0,0.0,0.0013183915622940012,0.202
blind_bank,P11,perception_closure_v04,1,corruption_composition_leave_out,2500,0,0,0.0,0.0,0.9516
blind_bank,P11,perception_closure_v04,1,corruption_family_leave_out,2500,0,0,0.0,0.0,0.954
blind_bank,P11,perception_closure_v04,1,domain_leave_out,2500,0,0,0.0,0.0,0.9464
blind_bank,P11,perception_closure_v04,1,generator_leave_out,2500,0,0,0.0,0.0,0.9552
blind_bank,P11,perception_closure_v04,1,long_horizon_recurrence,2500,0,0,0.0,0.0,0.9432
blind_bank,P11,perception_closure_v04,1,policy_semantic_transfer,2500,0,0,0.0,0.0,0.9512
blind_bank,L1,perception_closure_v04,1,corruption_composition_leave_out,2500,2379,0,0.0,0.0,0.202
blind_bank,L1,perception_closure_v04,1,corruption_family_leave_out,2500,2385,0,0.0,0.0,0.2104
blind_bank,L1,perception_closure_v04,1,domain_leave_out,2500,2366,0,0.0,0.0,0.224
blind_bank,L1,perception_closure_v04,1,generator_leave_out,2500,2388,0,0.0,0.0,0.2124
blind_bank,L1,perception_closure_v04,1,long_horizon_recurrence,2500,2358,0,0.0,0.0,0.224
blind_bank,L1,perception_closure_v04,1,policy_semantic_transfer,2500,2378,0,0.0,0.0,0.2028
blind_bank,L2,perception_closure_v04,1,corruption_composition_leave_out,2500,2379,0,0.0,0.0,0.202
blind_bank,L2,perception_closure_v04,1,corruption_family_leave_out,2500,2385,0,0.0,0.0,0.2104
blind_bank,L2,perception_closure_v04,1,domain_leave_out,2500,2366,0,0.0,0.0,0.224
blind_bank,L2,perception_closure_v04,1,generator_leave_out,2500,2388,0,0.0,0.0,0.2124
blind_bank,L2,perception_closure_v04,1,long_horizon_recurrence,2500,2358,0,0.0,0.0,0.224
blind_bank,L2,perception_closure_v04,1,policy_semantic_transfer,2500,2378,0,0.0,0.0,0.2028
blind_bank,L3,perception_closure_v04,1,corruption_composition_leave_out,2500,2379,1,0.0,0.0,0.202
blind_bank,L3,perception_closure_v04,1,corruption_family_leave_out,2500,2385,2,0.0,0.0006662225183211193,0.21
blind_bank,L3,perception_closure_v04,1,domain_leave_out,2500,2366,2,0.0,0.0,0.2236
blind_bank,L3,perception_closure_v04,1,generator_leave_out,2500,2388,1,0.0,0.0,0.2124
blind_bank,L3,perception_closure_v04,1,long_horizon_recurrence,2500,2358,1,0.0,0.0,0.2236
blind_bank,L3,perception_closure_v04,1,policy_semantic_transfer,2500,2378,0,0.0,0.0,0.2028
blind_bank,L4,perception_closure_v04,1,corruption_composition_leave_out,2500,2379,0,0.0,0.0,0.202
blind_bank,L4,perception_closure_v04,1,corruption_family_leave_out,2500,2385,0,0.0,0.0,0.2104
blind_bank,L4,perception_closure_v04,1,domain_leave_out,2500,2366,0,0.0,0.0,0.224
blind_bank,L4,perception_closure_v04,1,generator_leave_out,2500,2388,0,0.0,0.0,0.2124
blind_bank,L4,perception_closure_v04,1,long_horizon_recurrence,2500,2358,0,0.0,0.0,0.224
blind_bank,L4,perception_closure_v04,1,policy_semantic_transfer,2500,2378,0,0.0,0.0,0.2028
blind_bank,L10,perception_closure_v04,1,corruption_composition_leave_out,2500,2379,1,0.0,0.0,0.202
blind_bank,L10,perception_closure_v04,1,corruption_family_leave_out,2500,2385,2,0.0,0.0006662225183211193,0.21
blind_bank,L10,perception_closure_v04,1,domain_leave_out,2500,2366,2,0.0,0.0,0.2236
blind_bank,L10,perception_closure_v04,1,generator_leave_out,2500,2388,1,0.0,0.0,0.2124
blind_bank,L10,perception_closure_v04,1,long_horizon_recurrence,2500,2358,1,0.0,0.0,0.2236
blind_bank,L10,perception_closure_v04,1,policy_semantic_transfer,2500,2378,0,0.0,0.0,0.2028
blind_bank,v04_cumulative,perception_closure_v04,2,corruption_composition_leave_out,2500,2386,0,0.0,0.0,0.27
blind_bank,v04_cumulative,perception_closure_v04,2,corruption_family_leave_out,2500,2398,0,0.0,0.0,0.2464
blind_bank,v04_cumulative,perception_closure_v04,2,domain_leave_out,2500,2385,0,0.0,0.0,0.2492
blind_bank,v04_cumulative,perception_closure_v04,2,generator_leave_out,2500,2399,0,0.0,0.0,0.2616
blind_bank,v04_cumulative,perception_closure_v04,2,long_horizon_recurrence,2500,2388,0,0.0,0.0,0.2036
blind_bank,v04_cumulative,perception_closure_v04,2,policy_semantic_transfer,2500,2389,0,0.0,0.0,0.2632
blind_bank,v04_fresh,perception_closure_v04,2,corruption_composition_leave_out,2500,2386,0,0.0,0.0,0.27
blind_bank,v04_fresh,perception_closure_v04,2,corruption_family_leave_out,2500,2398,0,0.0,0.0,0.2464
blind_bank,v04_fresh,perception_closure_v04,2,domain_leave_out,2500,2385,0,0.0,0.0,0.2492
blind_bank,v04_fresh,perception_closure_v04,2,generator_leave_out,2500,2399,0,0.0,0.0,0.2616
blind_bank,v04_fresh,perception_closure_v04,2,long_horizon_recurrence,2500,2388,0,0.0,0.0,0.2036
blind_bank,v04_fresh,perception_closure_v04,2,policy_semantic_transfer,2500,2389,0,0.0,0.0,0.2632
blind_bank,v04_frozen_after_g1,perception_closure_v04,2,corruption_composition_leave_out,2500,2386,0,0.0,0.0,0.27
blind_bank,v04_frozen_after_g1,perception_closure_v04,2,corruption_family_leave_out,2500,2398,0,0.0,0.0,0.2464
blind_bank,v04_frozen_after_g1,perception_closure_v04,2,domain_leave_out,2500,2385,0,0.0,0.0,0.2492
blind_bank,v04_frozen_after_g1,perception_closure_v04,2,generator_leave_out,2500,2399,0,0.0,0.0,0.2616
blind_bank,v04_frozen_after_g1,perception_closure_v04,2,long_horizon_recurrence,2500,2388,0,0.0,0.0,0.2036
blind_bank,v04_frozen_after_g1,perception_closure_v04,2,policy_semantic_transfer,2500,2389,0,0.0,0.0,0.2632
blind_bank,legacy_A0,legacy_mavs_sl,2,corruption_composition_leave_out,2500,0,0,0.01134020618556701,0.01764705882352941,0.1512
blind_bank,legacy_A0,legacy_mavs_sl,2,corruption_family_leave_out,2500,0,0,0.01001001001001001,0.012658227848101266,0.148
blind_bank,legacy_A0,legacy_mavs_sl,2,domain_leave_out,2500,0,0,0.010879419764279238,0.01145311381531854,0.1456
blind_bank,legacy_A0,legacy_mavs_sl,2,generator_leave_out,2500,0,0,0.0030181086519114686,0.016600265604249667,0.1416
blind_bank,legacy_A0,legacy_mavs_sl,2,long_horizon_recurrence,2500,0,0,0.007339449541284404,0.01276595744680851,0.1552
blind_bank,legacy_A0,legacy_mavs_sl,2,policy_semantic_transfer,2500,0,0,0.006842619745845552,0.016249153689911984,0.1532
blind_bank,A1_frozen,legacy_mavs_sl,2,corruption_composition_leave_out,2500,0,0,0.004123711340206186,0.004575163398692811,0.2856
blind_bank,A1_frozen,legacy_mavs_sl,2,corruption_family_leave_out,2500,0,0,0.002002002002002002,0.002664890073284477,0.2936
blind_bank,A1_frozen,legacy_mavs_sl,2,domain_leave_out,2500,0,0,0.001813236627379873,0.005010737294201861,0.2828
blind_bank,A1_frozen,legacy_mavs_sl,2,generator_leave_out,2500,0,0,0.001006036217303823,0.005312084993359893,0.2944
blind_bank,A1_frozen,legacy_mavs_sl,2,long_horizon_recurrence,2500,0,0,0.0009174311926605505,0.0035460992907801418,0.2964
blind_bank,A1_frozen,legacy_mavs_sl,2,policy_semantic_transfer,2500,0,0,0.0,0.003385240352064997,0.2956
blind_bank,A2_threshold_only,legacy_mavs_sl,2,corruption_composition_leave_out,2500,0,0,0.004123711340206186,0.004575163398692811,0.2856
blind_bank,A2_threshold_only,legacy_mavs_sl,2,corruption_family_leave_out,2500,0,0,0.002002002002002002,0.002664890073284477,0.2936
blind_bank,A2_threshold_only,legacy_mavs_sl,2,domain_leave_out,2500,0,0,0.001813236627379873,0.005010737294201861,0.2828
blind_bank,A2_threshold_only,legacy_mavs_sl,2,generator_leave_out,2500,0,0,0.001006036217303823,0.005312084993359893,0.2944
blind_bank,A2_threshold_only,legacy_mavs_sl,2,long_horizon_recurrence,2500,0,0,0.0009174311926605505,0.0035460992907801418,0.2964
blind_bank,A2_threshold_only,legacy_mavs_sl,2,policy_semantic_transfer,2500,0,0,0.0,0.003385240352064997,0.2956
blind_bank,A3_selector_only,legacy_mavs_sl,2,corruption_composition_leave_out,2500,0,0,0.01134020618556701,0.01764705882352941,0.1512
blind_bank,A3_selector_only,legacy_mavs_sl,2,corruption_family_leave_out,2500,0,0,0.01001001001001001,0.012658227848101266,0.148
blind_bank,A3_selector_only,legacy_mavs_sl,2,domain_leave_out,2500,0,0,0.010879419764279238,0.01145311381531854,0.1456
blind_bank,A3_selector_only,legacy_mavs_sl,2,generator_leave_out,2500,0,0,0.0030181086519114686,0.016600265604249667,0.1416
blind_bank,A3_selector_only,legacy_mavs_sl,2,long_horizon_recurrence,2500,0,0,0.007339449541284404,0.01276595744680851,0.1552
blind_bank,A3_selector_only,legacy_mavs_sl,2,policy_semantic_transfer,2500,0,0,0.006842619745845552,0.016249153689911984,0.1532
blind_bank,fixed_full_mavs,fixed_mavs,2,corruption_composition_leave_out,2500,0,0,0.004123711340206186,0.004575163398692811,0.2856
blind_bank,fixed_full_mavs,fixed_mavs,2,corruption_family_leave_out,2500,0,0,0.002002002002002002,0.002664890073284477,0.2936
blind_bank,fixed_full_mavs,fixed_mavs,2,domain_leave_out,2500,0,0,0.001813236627379873,0.005010737294201861,0.2828
blind_bank,fixed_full_mavs,fixed_mavs,2,generator_leave_out,2500,0,0,0.001006036217303823,0.005312084993359893,0.2944
blind_bank,fixed_full_mavs,fixed_mavs,2,long_horizon_recurrence,2500,0,0,0.0009174311926605505,0.0035460992907801418,0.2964
blind_bank,fixed_full_mavs,fixed_mavs,2,policy_semantic_transfer,2500,0,0,0.0,0.003385240352064997,0.2956
blind_bank,ds_cf_lineage,ds_cf,2,corruption_composition_leave_out,2500,0,0,0.004123711340206186,0.004575163398692811,0.2856
blind_bank,ds_cf_lineage,ds_cf,2,corruption_family_leave_out,2500,0,0,0.002002002002002002,0.002664890073284477,0.2936
blind_bank,ds_cf_lineage,ds_cf,2,domain_leave_out,2500,0,0,0.001813236627379873,0.005010737294201861,0.2828
blind_bank,ds_cf_lineage,ds_cf,2,generator_leave_out,2500,0,0,0.001006036217303823,0.005312084993359893,0.2944
blind_bank,ds_cf_lineage,ds_cf,2,long_horizon_recurrence,2500,0,0,0.0009174311926605505,0.0035460992907801418,0.2964
blind_bank,ds_cf_lineage,ds_cf,2,policy_semantic_transfer,2500,0,0,0.0,0.003385240352064997,0.2956
blind_bank,raw_memory,memory_control,2,corruption_composition_leave_out,2500,0,0,0.004123711340206186,0.004575163398692811,0.2856
blind_bank,raw_memory,memory_control,2,corruption_family_leave_out,2500,0,0,0.002002002002002002,0.002664890073284477,0.2936
blind_bank,raw_memory,memory_control,2,domain_leave_out,2500,0,0,0.001813236627379873,0.005010737294201861,0.2828
blind_bank,raw_memory,memory_control,2,generator_leave_out,2500,0,0,0.001006036217303823,0.005312084993359893,0.2944
blind_bank,raw_memory,memory_control,2,long_horizon_recurrence,2500,0,0,0.0009174311926605505,0.0035460992907801418,0.2964
blind_bank,raw_memory,memory_control,2,policy_semantic_transfer,2500,0,0,0.0,0.003385240352064997,0.2956
blind_bank,matched_memory,memory_control,2,corruption_composition_leave_out,2500,0,0,0.004123711340206186,0.004575163398692811,0.2856
blind_bank,matched_memory,memory_control,2,corruption_family_leave_out,2500,0,0,0.002002002002002002,0.002664890073284477,0.2936
blind_bank,matched_memory,memory_control,2,domain_leave_out,2500,0,0,0.001813236627379873,0.005010737294201861,0.2828
blind_bank,matched_memory,memory_control,2,generator_leave_out,2500,0,0,0.001006036217303823,0.005312084993359893,0.2944
blind_bank,matched_memory,memory_control,2,long_horizon_recurrence,2500,0,0,0.0009174311926605505,0.0035460992907801418,0.2964
blind_bank,matched_memory,memory_control,2,policy_semantic_transfer,2500,0,0,0.0,0.003385240352064997,0.2956
blind_bank,reduced_learning,reduced_learning,2,corruption_composition_leave_out,2500,0,0,0.01134020618556701,0.01764705882352941,0.1512
blind_bank,reduced_learning,reduced_learning,2,corruption_family_leave_out,2500,0,0,0.01001001001001001,0.012658227848101266,0.148
blind_bank,reduced_learning,reduced_learning,2,domain_leave_out,2500,0,0,0.010879419764279238,0.01145311381531854,0.1456
blind_bank,reduced_learning,reduced_learning,2,generator_leave_out,2500,0,0,0.0030181086519114686,0.016600265604249667,0.1416
blind_bank,reduced_learning,reduced_learning,2,long_horizon_recurrence,2500,0,0,0.007339449541284404,0.01276595744680851,0.1552
blind_bank,reduced_learning,reduced_learning,2,policy_semantic_transfer,2500,0,0,0.006842619745845552,0.016249153689911984,0.1532
blind_bank,random_proposal,random_proposal,2,corruption_composition_leave_out,2500,0,0,0.3463917525773196,0.338562091503268,0.2792
blind_bank,random_proposal,random_proposal,2,corruption_family_leave_out,2500,0,0,0.3353353353353353,0.3524317121918721,0.2768
blind_bank,random_proposal,random_proposal,2,domain_leave_out,2500,0,0,0.37805983680870353,0.36721546170365066,0.2552
blind_bank,random_proposal,random_proposal,2,generator_leave_out,2500,0,0,0.3762575452716298,0.36719787516600266,0.2716
blind_bank,random_proposal,random_proposal,2,long_horizon_recurrence,2500,0,0,0.3568807339449541,0.38156028368794326,0.2652
blind_bank,random_proposal,random_proposal,2,policy_semantic_transfer,2500,0,0,0.35581622678396874,0.37508463100880163,0.2776
blind_bank,oracle_closure,oracle,2,corruption_composition_leave_out,2500,0,0,0.0,0.0,0.0
blind_bank,oracle_closure,oracle,2,corruption_family_leave_out,2500,0,0,0.0,0.0,0.0
blind_bank,oracle_closure,oracle,2,domain_leave_out,2500,0,0,0.0,0.0,0.0
blind_bank,oracle_closure,oracle,2,generator_leave_out,2500,0,0,0.0,0.0,0.0
blind_bank,oracle_closure,oracle,2,long_horizon_recurrence,2500,0,0,0.0,0.0,0.0
blind_bank,oracle_closure,oracle,2,policy_semantic_transfer,2500,0,0,0.0,0.0,0.0
blind_bank,I1,perception_closure_v04,2,corruption_composition_leave_out,2500,0,0,0.0,0.0,0.9544
blind_bank,I1,perception_closure_v04,2,corruption_family_leave_out,2500,0,0,0.0,0.0,0.9592
blind_bank,I1,perception_closure_v04,2,domain_leave_out,2500,0,0,0.0,0.0,0.954
blind_bank,I1,perception_closure_v04,2,generator_leave_out,2500,0,0,0.0,0.0,0.9596
blind_bank,I1,perception_closure_v04,2,long_horizon_recurrence,2500,0,0,0.0,0.0,0.9552
blind_bank,I1,perception_closure_v04,2,policy_semantic_transfer,2500,0,0,0.0,0.0,0.9556
blind_bank,I2,perception_closure_v04,2,corruption_composition_leave_out,2500,2386,0,0.0,0.0,0.27
blind_bank,I2,perception_closure_v04,2,corruption_family_leave_out,2500,2398,0,0.0,0.0,0.2464
blind_bank,I2,perception_closure_v04,2,domain_leave_out,2500,2385,0,0.0,0.0,0.2492
blind_bank,I2,perception_closure_v04,2,generator_leave_out,2500,2399,0,0.0,0.0,0.2616
blind_bank,I2,perception_closure_v04,2,long_horizon_recurrence,2500,2388,0,0.0,0.0,0.2036
blind_bank,I2,perception_closure_v04,2,policy_semantic_transfer,2500,2389,0,0.0,0.0,0.2632
blind_bank,I3,perception_closure_v04,2,corruption_composition_leave_out,2500,2386,0,0.0,0.0,0.27
blind_bank,I3,perception_closure_v04,2,corruption_family_leave_out,2500,2398,0,0.0,0.0,0.2464
blind_bank,I3,perception_closure_v04,2,domain_leave_out,2500,2385,0,0.0,0.0,0.2492
blind_bank,I3,perception_closure_v04,2,generator_leave_out,2500,2399,0,0.0,0.0,0.2616
blind_bank,I3,perception_closure_v04,2,long_horizon_recurrence,2500,2388,0,0.0,0.0,0.2036
blind_bank,I3,perception_closure_v04,2,policy_semantic_transfer,2500,2389,0,0.0,0.0,0.2632
blind_bank,I6,perception_closure_v04,2,corruption_composition_leave_out,2500,2386,0,0.0,0.0,0.27
blind_bank,I6,perception_closure_v04,2,corruption_family_leave_out,2500,2398,0,0.0,0.0,0.2464
blind_bank,I6,perception_closure_v04,2,domain_leave_out,2500,2385,0,0.0,0.0,0.2492
blind_bank,I6,perception_closure_v04,2,generator_leave_out,2500,2399,0,0.0,0.0,0.2616
blind_bank,I6,perception_closure_v04,2,long_horizon_recurrence,2500,2388,0,0.0,0.0,0.2036
blind_bank,I6,perception_closure_v04,2,policy_semantic_transfer,2500,2389,0,0.0,0.0,0.2632
blind_bank,I7,perception_closure_v04,2,corruption_composition_leave_out,2500,2386,0,0.0,0.0,0.27
blind_bank,I7,perception_closure_v04,2,corruption_family_leave_out,2500,2398,0,0.0,0.0,0.2464
blind_bank,I7,perception_closure_v04,2,domain_leave_out,2500,2385,0,0.0,0.0,0.2492
blind_bank,I7,perception_closure_v04,2,generator_leave_out,2500,2399,0,0.0,0.0,0.2616
blind_bank,I7,perception_closure_v04,2,long_horizon_recurrence,2500,2388,0,0.0,0.0,0.2036
blind_bank,I7,perception_closure_v04,2,policy_semantic_transfer,2500,2389,0,0.0,0.0,0.2632
blind_bank,I8,perception_closure_v04,2,corruption_composition_leave_out,2500,2386,0,0.0,0.0,0.27
blind_bank,I8,perception_closure_v04,2,corruption_family_leave_out,2500,2398,0,0.0,0.0,0.2464
blind_bank,I8,perception_closure_v04,2,domain_leave_out,2500,2385,0,0.0,0.0,0.2492
blind_bank,I8,perception_closure_v04,2,generator_leave_out,2500,2399,0,0.0,0.0,0.2616
blind_bank,I8,perception_closure_v04,2,long_horizon_recurrence,2500,2388,0,0.0,0.0,0.2036
blind_bank,I8,perception_closure_v04,2,policy_semantic_transfer,2500,2389,0,0.0,0.0,0.2632
blind_bank,I9,perception_closure_v04,2,corruption_composition_leave_out,2500,2386,0,0.002061855670103093,0.00130718954248366,0.2696
blind_bank,I9,perception_closure_v04,2,corruption_family_leave_out,2500,2398,0,0.004004004004004004,0.003997335109926716,0.2452
blind_bank,I9,perception_closure_v04,2,domain_leave_out,2500,2385,0,0.005439709882139619,0.004294917680744453,0.2476
blind_bank,I9,perception_closure_v04,2,generator_leave_out,2500,2399,0,0.0030181086519114686,0.00398406374501992,0.2588
blind_bank,I9,perception_closure_v04,2,long_horizon_recurrence,2500,2388,0,0.0009174311926605505,0.002127659574468085,0.2028
blind_bank,I9,perception_closure_v04,2,policy_semantic_transfer,2500,2389,0,0.0039100684261974585,0.002708192281651997,0.2624
blind_bank,P1,perception_closure_v04,2,corruption_composition_leave_out,2500,0,0,0.0,0.0,0.9544
blind_bank,P1,perception_closure_v04,2,corruption_family_leave_out,2500,0,0,0.0,0.0,0.9592
blind_bank,P1,perception_closure_v04,2,domain_leave_out,2500,0,0,0.0,0.0,0.954
blind_bank,P1,perception_closure_v04,2,generator_leave_out,2500,0,0,0.0,0.0,0.9596
blind_bank,P1,perception_closure_v04,2,long_horizon_recurrence,2500,0,0,0.0,0.0,0.9552
blind_bank,P1,perception_closure_v04,2,policy_semantic_transfer,2500,0,0,0.0,0.0,0.9556
blind_bank,P4,perception_closure_v04,2,corruption_composition_leave_out,2500,0,0,0.0,0.0,0.9544
blind_bank,P4,perception_closure_v04,2,corruption_family_leave_out,2500,0,0,0.0,0.0,0.9592
blind_bank,P4,perception_closure_v04,2,domain_leave_out,2500,0,0,0.0,0.0,0.954
blind_bank,P4,perception_closure_v04,2,generator_leave_out,2500,0,0,0.0,0.0,0.9596
blind_bank,P4,perception_closure_v04,2,long_horizon_recurrence,2500,0,0,0.0,0.0,0.9552
blind_bank,P4,perception_closure_v04,2,policy_semantic_transfer,2500,0,0,0.0,0.0,0.9556
blind_bank,P5,perception_closure_v04,2,corruption_composition_leave_out,2500,2386,7,0.0,0.0032679738562091504,0.2696
blind_bank,P5,perception_closure_v04,2,corruption_family_leave_out,2500,2398,5,0.0,0.0013324450366422385,0.2452
blind_bank,P5,perception_closure_v04,2,domain_leave_out,2500,2385,3,0.0,0.0014316392269148174,0.2492
blind_bank,P5,perception_closure_v04,2,generator_leave_out,2500,2399,1,0.0,0.0,0.2612
blind_bank,P5,perception_closure_v04,2,long_horizon_recurrence,2500,2388,1,0.0,0.0,0.2036
blind_bank,P5,perception_closure_v04,2,policy_semantic_transfer,2500,2389,4,0.0,0.0006770480704129993,0.2632
blind_bank,P6,perception_closure_v04,2,corruption_composition_leave_out,2500,2386,0,0.0,0.0,0.27
blind_bank,P6,perception_closure_v04,2,corruption_family_leave_out,2500,2398,0,0.0,0.0,0.2464
blind_bank,P6,perception_closure_v04,2,domain_leave_out,2500,2385,0,0.0,0.0,0.2492
blind_bank,P6,perception_closure_v04,2,generator_leave_out,2500,2399,0,0.0,0.0,0.2616
blind_bank,P6,perception_closure_v04,2,long_horizon_recurrence,2500,2388,0,0.0,0.0,0.2036
blind_bank,P6,perception_closure_v04,2,policy_semantic_transfer,2500,2389,0,0.0,0.0,0.2632
blind_bank,P7,perception_closure_v04,2,corruption_composition_leave_out,2500,2386,0,0.0,0.00261437908496732,0.2688
blind_bank,P7,perception_closure_v04,2,corruption_family_leave_out,2500,2398,0,0.0,0.005329780146568954,0.2452
blind_bank,P7,perception_closure_v04,2,domain_leave_out,2500,2385,0,0.0,0.0035790980672870437,0.2488
blind_bank,P7,perception_closure_v04,2,generator_leave_out,2500,2399,0,0.0,0.0013280212483399733,0.2616
blind_bank,P7,perception_closure_v04,2,long_horizon_recurrence,2500,2388,0,0.0,0.00425531914893617,0.2032
blind_bank,P7,perception_closure_v04,2,policy_semantic_transfer,2500,2389,0,0.0,0.006770480704129994,0.2616
blind_bank,P8,perception_closure_v04,2,corruption_composition_leave_out,2500,2386,0,0.0,0.00261437908496732,0.2688
blind_bank,P8,perception_closure_v04,2,corruption_family_leave_out,2500,2398,0,0.0,0.005329780146568954,0.2452
blind_bank,P8,perception_closure_v04,2,domain_leave_out,2500,2385,0,0.0,0.0035790980672870437,0.2488
blind_bank,P8,perception_closure_v04,2,generator_leave_out,2500,2399,0,0.0,0.0013280212483399733,0.2616
blind_bank,P8,perception_closure_v04,2,long_horizon_recurrence,2500,2388,0,0.0,0.00425531914893617,0.2032
blind_bank,P8,perception_closure_v04,2,policy_semantic_transfer,2500,2389,0,0.0,0.006770480704129994,0.2616
blind_bank,P9,perception_closure_v04,2,corruption_composition_leave_out,2500,2386,0,0.0,0.00065359477124183,0.2692
blind_bank,P9,perception_closure_v04,2,corruption_family_leave_out,2500,2398,0,0.0,0.0,0.2456
blind_bank,P9,perception_closure_v04,2,domain_leave_out,2500,2385,0,0.0,0.0,0.246
blind_bank,P9,perception_closure_v04,2,generator_leave_out,2500,2399,0,0.0,0.0,0.2608
blind_bank,P9,perception_closure_v04,2,long_horizon_recurrence,2500,2388,0,0.0,0.0007092198581560284,0.2028
blind_bank,P9,perception_closure_v04,2,policy_semantic_transfer,2500,2389,0,0.0,0.0,0.2612
blind_bank,P10,perception_closure_v04,2,corruption_composition_leave_out,2500,2386,0,0.0,0.00065359477124183,0.2692
blind_bank,P10,perception_closure_v04,2,corruption_family_leave_out,2500,2398,0,0.0,0.0,0.2456
blind_bank,P10,perception_closure_v04,2,domain_leave_out,2500,2385,0,0.0,0.0,0.246
blind_bank,P10,perception_closure_v04,2,generator_leave_out,2500,2399,0,0.0,0.0,0.2608
blind_bank,P10,perception_closure_v04,2,long_horizon_recurrence,2500,2388,0,0.0,0.0007092198581560284,0.2028
blind_bank,P10,perception_closure_v04,2,policy_semantic_transfer,2500,2389,0,0.0,0.0,0.2612
blind_bank,P11,perception_closure_v04,2,corruption_composition_leave_out,2500,0,0,0.0,0.0,0.9544
blind_bank,P11,perception_closure_v04,2,corruption_family_leave_out,2500,0,0,0.0,0.0,0.9592
blind_bank,P11,perception_closure_v04,2,domain_leave_out,2500,0,0,0.0,0.0,0.954
blind_bank,P11,perception_closure_v04,2,generator_leave_out,2500,0,0,0.0,0.0,0.9596
blind_bank,P11,perception_closure_v04,2,long_horizon_recurrence,2500,0,0,0.0,0.0,0.9552
blind_bank,P11,perception_closure_v04,2,policy_semantic_transfer,2500,0,0,0.0,0.0,0.9556
blind_bank,L1,perception_closure_v04,2,corruption_composition_leave_out,2500,2386,0,0.0,0.0,0.27
blind_bank,L1,perception_closure_v04,2,corruption_family_leave_out,2500,2398,0,0.0,0.0,0.2464
blind_bank,L1,perception_closure_v04,2,domain_leave_out,2500,2385,0,0.0,0.0,0.2492
blind_bank,L1,perception_closure_v04,2,generator_leave_out,2500,2399,0,0.0,0.0,0.2616
blind_bank,L1,perception_closure_v04,2,long_horizon_recurrence,2500,2388,0,0.0,0.0,0.2036
blind_bank,L1,perception_closure_v04,2,policy_semantic_transfer,2500,2389,0,0.0,0.0,0.2632
blind_bank,L2,perception_closure_v04,2,corruption_composition_leave_out,2500,2386,0,0.0,0.0,0.27
blind_bank,L2,perception_closure_v04,2,corruption_family_leave_out,2500,2398,0,0.0,0.0,0.2464
blind_bank,L2,perception_closure_v04,2,domain_leave_out,2500,2385,0,0.0,0.0,0.2492
blind_bank,L2,perception_closure_v04,2,generator_leave_out,2500,2399,0,0.0,0.0,0.2616
blind_bank,L2,perception_closure_v04,2,long_horizon_recurrence,2500,2388,0,0.0,0.0,0.2036
blind_bank,L2,perception_closure_v04,2,policy_semantic_transfer,2500,2389,0,0.0,0.0,0.2632
blind_bank,L3,perception_closure_v04,2,corruption_composition_leave_out,2500,2386,7,0.0,0.0032679738562091504,0.2696
blind_bank,L3,perception_closure_v04,2,corruption_family_leave_out,2500,2398,5,0.0,0.0013324450366422385,0.2452
blind_bank,L3,perception_closure_v04,2,domain_leave_out,2500,2385,3,0.0,0.0014316392269148174,0.2492
blind_bank,L3,perception_closure_v04,2,generator_leave_out,2500,2399,1,0.0,0.0,0.2612
blind_bank,L3,perception_closure_v04,2,long_horizon_recurrence,2500,2388,1,0.0,0.0,0.2036
blind_bank,L3,perception_closure_v04,2,policy_semantic_transfer,2500,2389,4,0.0,0.0006770480704129993,0.2632
blind_bank,L4,perception_closure_v04,2,corruption_composition_leave_out,2500,2386,0,0.0,0.0,0.27
blind_bank,L4,perception_closure_v04,2,corruption_family_leave_out,2500,2398,0,0.0,0.0,0.2464
blind_bank,L4,perception_closure_v04,2,domain_leave_out,2500,2385,0,0.0,0.0,0.2492
blind_bank,L4,perception_closure_v04,2,generator_leave_out,2500,2399,0,0.0,0.0,0.2616
blind_bank,L4,perception_closure_v04,2,long_horizon_recurrence,2500,2388,0,0.0,0.0,0.2036
blind_bank,L4,perception_closure_v04,2,policy_semantic_transfer,2500,2389,0,0.0,0.0,0.2632
blind_bank,L10,perception_closure_v04,2,corruption_composition_leave_out,2500,2386,7,0.0,0.0032679738562091504,0.2696
blind_bank,L10,perception_closure_v04,2,corruption_family_leave_out,2500,2398,5,0.0,0.0013324450366422385,0.2452
blind_bank,L10,perception_closure_v04,2,domain_leave_out,2500,2385,3,0.0,0.0014316392269148174,0.2492
blind_bank,L10,perception_closure_v04,2,generator_leave_out,2500,2399,1,0.0,0.0,0.2612
blind_bank,L10,perception_closure_v04,2,long_horizon_recurrence,2500,2388,1,0.0,0.0,0.2036
blind_bank,L10,perception_closure_v04,2,policy_semantic_transfer,2500,2389,4,0.0,0.0006770480704129993,0.2632
blind_bank,v04_cumulative,perception_closure_v04,3,corruption_composition_leave_out,2500,2371,0,0.0,0.0,0.2964
blind_bank,v04_cumulative,perception_closure_v04,3,corruption_family_leave_out,2500,2385,0,0.0,0.0,0.2752
blind_bank,v04_cumulative,perception_closure_v04,3,domain_leave_out,2500,2364,0,0.0,0.0,0.2876
blind_bank,v04_cumulative,perception_closure_v04,3,generator_leave_out,2500,2390,0,0.0,0.0,0.2768
blind_bank,v04_cumulative,perception_closure_v04,3,long_horizon_recurrence,2500,2388,0,0.0,0.0,0.2784
blind_bank,v04_cumulative,perception_closure_v04,3,policy_semantic_transfer,2500,2396,0,0.0,0.0,0.2676
blind_bank,v04_fresh,perception_closure_v04,3,corruption_composition_leave_out,2500,2371,0,0.0,0.0,0.2964
blind_bank,v04_fresh,perception_closure_v04,3,corruption_family_leave_out,2500,2385,0,0.0,0.0,0.2752
blind_bank,v04_fresh,perception_closure_v04,3,domain_leave_out,2500,2364,0,0.0,0.0,0.2876
blind_bank,v04_fresh,perception_closure_v04,3,generator_leave_out,2500,2390,0,0.0,0.0,0.2768
blind_bank,v04_fresh,perception_closure_v04,3,long_horizon_recurrence,2500,2388,0,0.0,0.0,0.2784
blind_bank,v04_fresh,perception_closure_v04,3,policy_semantic_transfer,2500,2396,0,0.0,0.0,0.2676
blind_bank,v04_frozen_after_g1,perception_closure_v04,3,corruption_composition_leave_out,2500,2371,0,0.0,0.0,0.2964
blind_bank,v04_frozen_after_g1,perception_closure_v04,3,corruption_family_leave_out,2500,2385,0,0.0,0.0,0.2752
blind_bank,v04_frozen_after_g1,perception_closure_v04,3,domain_leave_out,2500,2364,0,0.0,0.0,0.2876
blind_bank,v04_frozen_after_g1,perception_closure_v04,3,generator_leave_out,2500,2390,0,0.0,0.0,0.2768
blind_bank,v04_frozen_after_g1,perception_closure_v04,3,long_horizon_recurrence,2500,2388,0,0.0,0.0,0.2784
blind_bank,v04_frozen_after_g1,perception_closure_v04,3,policy_semantic_transfer,2500,2396,0,0.0,0.0,0.2676
blind_bank,legacy_A0,legacy_mavs_sl,3,corruption_composition_leave_out,2500,0,0,0.007699711260827719,0.01779603011635866,0.1624
blind_bank,legacy_A0,legacy_mavs_sl,3,corruption_family_leave_out,2500,0,0,0.006396588486140725,0.012804097311139564,0.1648
blind_bank,legacy_A0,legacy_mavs_sl,3,domain_leave_out,2500,0,0,0.006422018348623854,0.018439716312056736,0.1552
blind_bank,legacy_A0,legacy_mavs_sl,3,generator_leave_out,2500,0,0,0.003992015968063872,0.020026702269692925,0.1512
blind_bank,legacy_A0,legacy_mavs_sl,3,long_horizon_recurrence,2500,0,0,0.004344048653344918,0.01630837657524092,0.1636
blind_bank,legacy_A0,legacy_mavs_sl,3,policy_semantic_transfer,2500,0,0,0.0044603033006244425,0.010877447425670777,0.168
blind_bank,A1_frozen,legacy_mavs_sl,3,corruption_composition_leave_out,2500,0,0,0.0009624639076034649,0.006160164271047228,0.3144
blind_bank,A1_frozen,legacy_mavs_sl,3,corruption_family_leave_out,2500,0,0,0.0021321961620469083,0.003201024327784891,0.3084
blind_bank,A1_frozen,legacy_mavs_sl,3,domain_leave_out,2500,0,0,0.0,0.006382978723404255,0.2972
blind_bank,A1_frozen,legacy_mavs_sl,3,generator_leave_out,2500,0,0,0.001996007984031936,0.0033377837116154874,0.2964
blind_bank,A1_frozen,legacy_mavs_sl,3,long_horizon_recurrence,2500,0,0,0.0,0.0037064492216456633,0.3004
blind_bank,A1_frozen,legacy_mavs_sl,3,policy_semantic_transfer,2500,0,0,0.001784121320249777,0.0036258158085569255,0.3032
blind_bank,A2_threshold_only,legacy_mavs_sl,3,corruption_composition_leave_out,2500,0,0,0.0009624639076034649,0.006160164271047228,0.3144
blind_bank,A2_threshold_only,legacy_mavs_sl,3,corruption_family_leave_out,2500,0,0,0.0021321961620469083,0.003201024327784891,0.3084
blind_bank,A2_threshold_only,legacy_mavs_sl,3,domain_leave_out,2500,0,0,0.0,0.006382978723404255,0.2972
blind_bank,A2_threshold_only,legacy_mavs_sl,3,generator_leave_out,2500,0,0,0.001996007984031936,0.0033377837116154874,0.2964
blind_bank,A2_threshold_only,legacy_mavs_sl,3,long_horizon_recurrence,2500,0,0,0.0,0.0037064492216456633,0.3004
blind_bank,A2_threshold_only,legacy_mavs_sl,3,policy_semantic_transfer,2500,0,0,0.001784121320249777,0.0036258158085569255,0.3032
blind_bank,A3_selector_only,legacy_mavs_sl,3,corruption_composition_leave_out,2500,0,0,0.007699711260827719,0.01779603011635866,0.1624
blind_bank,A3_selector_only,legacy_mavs_sl,3,corruption_family_leave_out,2500,0,0,0.006396588486140725,0.012804097311139564,0.1648
blind_bank,A3_selector_only,legacy_mavs_sl,3,domain_leave_out,2500,0,0,0.006422018348623854,0.018439716312056736,0.1552
blind_bank,A3_selector_only,legacy_mavs_sl,3,generator_leave_out,2500,0,0,0.003992015968063872,0.020026702269692925,0.1512
blind_bank,A3_selector_only,legacy_mavs_sl,3,long_horizon_recurrence,2500,0,0,0.004344048653344918,0.01630837657524092,0.1636
blind_bank,A3_selector_only,legacy_mavs_sl,3,policy_semantic_transfer,2500,0,0,0.0044603033006244425,0.010877447425670777,0.168
blind_bank,fixed_full_mavs,fixed_mavs,3,corruption_composition_leave_out,2500,0,0,0.0009624639076034649,0.006160164271047228,0.3144
blind_bank,fixed_full_mavs,fixed_mavs,3,corruption_family_leave_out,2500,0,0,0.0021321961620469083,0.003201024327784891,0.3084
blind_bank,fixed_full_mavs,fixed_mavs,3,domain_leave_out,2500,0,0,0.0,0.006382978723404255,0.2972
blind_bank,fixed_full_mavs,fixed_mavs,3,generator_leave_out,2500,0,0,0.001996007984031936,0.0033377837116154874,0.2964
blind_bank,fixed_full_mavs,fixed_mavs,3,long_horizon_recurrence,2500,0,0,0.0,0.0037064492216456633,0.3004
blind_bank,fixed_full_mavs,fixed_mavs,3,policy_semantic_transfer,2500,0,0,0.001784121320249777,0.0036258158085569255,0.3032
blind_bank,ds_cf_lineage,ds_cf,3,corruption_composition_leave_out,2500,0,0,0.0009624639076034649,0.006160164271047228,0.3144
blind_bank,ds_cf_lineage,ds_cf,3,corruption_family_leave_out,2500,0,0,0.0021321961620469083,0.003201024327784891,0.3084
blind_bank,ds_cf_lineage,ds_cf,3,domain_leave_out,2500,0,0,0.0,0.006382978723404255,0.2972
blind_bank,ds_cf_lineage,ds_cf,3,generator_leave_out,2500,0,0,0.001996007984031936,0.0033377837116154874,0.2964
blind_bank,ds_cf_lineage,ds_cf,3,long_horizon_recurrence,2500,0,0,0.0,0.0037064492216456633,0.3004
blind_bank,ds_cf_lineage,ds_cf,3,policy_semantic_transfer,2500,0,0,0.001784121320249777,0.0036258158085569255,0.3032
blind_bank,raw_memory,memory_control,3,corruption_composition_leave_out,2500,0,0,0.0009624639076034649,0.006160164271047228,0.3144
blind_bank,raw_memory,memory_control,3,corruption_family_leave_out,2500,0,0,0.0021321961620469083,0.003201024327784891,0.3084
blind_bank,raw_memory,memory_control,3,domain_leave_out,2500,0,0,0.0,0.006382978723404255,0.2972
blind_bank,raw_memory,memory_control,3,generator_leave_out,2500,0,0,0.001996007984031936,0.0033377837116154874,0.2964
blind_bank,raw_memory,memory_control,3,long_horizon_recurrence,2500,0,0,0.0,0.0037064492216456633,0.3004
blind_bank,raw_memory,memory_control,3,policy_semantic_transfer,2500,0,0,0.001784121320249777,0.0036258158085569255,0.3032
blind_bank,matched_memory,memory_control,3,corruption_composition_leave_out,2500,0,0,0.0009624639076034649,0.006160164271047228,0.3144
blind_bank,matched_memory,memory_control,3,corruption_family_leave_out,2500,0,0,0.0021321961620469083,0.003201024327784891,0.3084
blind_bank,matched_memory,memory_control,3,domain_leave_out,2500,0,0,0.0,0.006382978723404255,0.2972
blind_bank,matched_memory,memory_control,3,generator_leave_out,2500,0,0,0.001996007984031936,0.0033377837116154874,0.2964
blind_bank,matched_memory,memory_control,3,long_horizon_recurrence,2500,0,0,0.0,0.0037064492216456633,0.3004
blind_bank,matched_memory,memory_control,3,policy_semantic_transfer,2500,0,0,0.001784121320249777,0.0036258158085569255,0.3032
blind_bank,reduced_learning,reduced_learning,3,corruption_composition_leave_out,2500,0,0,0.007699711260827719,0.01779603011635866,0.1624
blind_bank,reduced_learning,reduced_learning,3,corruption_family_leave_out,2500,0,0,0.006396588486140725,0.012804097311139564,0.1648
blind_bank,reduced_learning,reduced_learning,3,domain_leave_out,2500,0,0,0.006422018348623854,0.018439716312056736,0.1552
blind_bank,reduced_learning,reduced_learning,3,generator_leave_out,2500,0,0,0.003992015968063872,0.020026702269692925,0.1512
blind_bank,reduced_learning,reduced_learning,3,long_horizon_recurrence,2500,0,0,0.004344048653344918,0.01630837657524092,0.1636
blind_bank,reduced_learning,reduced_learning,3,policy_semantic_transfer,2500,0,0,0.0044603033006244425,0.010877447425670777,0.168
blind_bank,random_proposal,random_proposal,3,corruption_composition_leave_out,2500,0,0,0.37247353224254093,0.34770704996577684,0.2836
blind_bank,random_proposal,random_proposal,3,corruption_family_leave_out,2500,0,0,0.3603411513859275,0.35147247119078107,0.272
blind_bank,random_proposal,random_proposal,3,domain_leave_out,2500,0,0,0.3412844036697248,0.37446808510638296,0.2736
blind_bank,random_proposal,random_proposal,3,generator_leave_out,2500,0,0,0.32435129740518964,0.37316421895861146,0.2896
blind_bank,random_proposal,random_proposal,3,long_horizon_recurrence,2500,0,0,0.34404865334491747,0.3476649369903632,0.2864
blind_bank,random_proposal,random_proposal,3,policy_semantic_transfer,2500,0,0,0.3479036574487065,0.331399564902103,0.2944
blind_bank,oracle_closure,oracle,3,corruption_composition_leave_out,2500,0,0,0.0,0.0,0.0
blind_bank,oracle_closure,oracle,3,corruption_family_leave_out,2500,0,0,0.0,0.0,0.0
blind_bank,oracle_closure,oracle,3,domain_leave_out,2500,0,0,0.0,0.0,0.0
blind_bank,oracle_closure,oracle,3,generator_leave_out,2500,0,0,0.0,0.0,0.0
blind_bank,oracle_closure,oracle,3,long_horizon_recurrence,2500,0,0,0.0,0.0,0.0
blind_bank,oracle_closure,oracle,3,policy_semantic_transfer,2500,0,0,0.0,0.0,0.0
blind_bank,I1,perception_closure_v04,3,corruption_composition_leave_out,2500,0,0,0.0,0.0,0.9484
blind_bank,I1,perception_closure_v04,3,corruption_family_leave_out,2500,0,0,0.0,0.0,0.954
blind_bank,I1,perception_closure_v04,3,domain_leave_out,2500,0,0,0.0,0.0,0.9456
blind_bank,I1,perception_closure_v04,3,generator_leave_out,2500,0,0,0.0,0.0,0.956
blind_bank,I1,perception_closure_v04,3,long_horizon_recurrence,2500,0,0,0.0,0.0,0.9552
blind_bank,I1,perception_closure_v04,3,policy_semantic_transfer,2500,0,0,0.0,0.0,0.9584
blind_bank,I2,perception_closure_v04,3,corruption_composition_leave_out,2500,2371,0,0.0,0.0,0.2964
blind_bank,I2,perception_closure_v04,3,corruption_family_leave_out,2500,2385,0,0.0,0.0,0.2752
blind_bank,I2,perception_closure_v04,3,domain_leave_out,2500,2364,0,0.0,0.0,0.2876
blind_bank,I2,perception_closure_v04,3,generator_leave_out,2500,2390,0,0.0,0.0,0.2768
blind_bank,I2,perception_closure_v04,3,long_horizon_recurrence,2500,2388,0,0.0,0.0,0.2784
blind_bank,I2,perception_closure_v04,3,policy_semantic_transfer,2500,2396,0,0.0,0.0,0.2676
blind_bank,I3,perception_closure_v04,3,corruption_composition_leave_out,2500,2371,0,0.0,0.0,0.2964
blind_bank,I3,perception_closure_v04,3,corruption_family_leave_out,2500,2385,0,0.0,0.0,0.2752
blind_bank,I3,perception_closure_v04,3,domain_leave_out,2500,2364,0,0.0,0.0,0.2876
blind_bank,I3,perception_closure_v04,3,generator_leave_out,2500,2390,0,0.0,0.0,0.2768
blind_bank,I3,perception_closure_v04,3,long_horizon_recurrence,2500,2388,0,0.0,0.0,0.2784
blind_bank,I3,perception_closure_v04,3,policy_semantic_transfer,2500,2396,0,0.0,0.0,0.2676
blind_bank,I6,perception_closure_v04,3,corruption_composition_leave_out,2500,2371,0,0.0,0.0,0.2964
blind_bank,I6,perception_closure_v04,3,corruption_family_leave_out,2500,2385,0,0.0,0.0,0.2752
blind_bank,I6,perception_closure_v04,3,domain_leave_out,2500,2364,0,0.0,0.0,0.2876
blind_bank,I6,perception_closure_v04,3,generator_leave_out,2500,2390,0,0.0,0.0,0.2768
blind_bank,I6,perception_closure_v04,3,long_horizon_recurrence,2500,2388,0,0.0,0.0,0.2784
blind_bank,I6,perception_closure_v04,3,policy_semantic_transfer,2500,2396,0,0.0,0.0,0.2676
blind_bank,I7,perception_closure_v04,3,corruption_composition_leave_out,2500,2371,0,0.0,0.0,0.2964
blind_bank,I7,perception_closure_v04,3,corruption_family_leave_out,2500,2385,0,0.0,0.0,0.2752
blind_bank,I7,perception_closure_v04,3,domain_leave_out,2500,2364,0,0.0,0.0,0.2876
blind_bank,I7,perception_closure_v04,3,generator_leave_out,2500,2390,0,0.0,0.0,0.2768
blind_bank,I7,perception_closure_v04,3,long_horizon_recurrence,2500,2388,0,0.0,0.0,0.2784
blind_bank,I7,perception_closure_v04,3,policy_semantic_transfer,2500,2396,0,0.0,0.0,0.2676
blind_bank,I8,perception_closure_v04,3,corruption_composition_leave_out,2500,2371,0,0.0,0.0,0.2964
blind_bank,I8,perception_closure_v04,3,corruption_family_leave_out,2500,2385,0,0.0,0.0,0.2752
blind_bank,I8,perception_closure_v04,3,domain_leave_out,2500,2364,0,0.0,0.0,0.2876
blind_bank,I8,perception_closure_v04,3,generator_leave_out,2500,2390,0,0.0,0.0,0.2768
blind_bank,I8,perception_closure_v04,3,long_horizon_recurrence,2500,2388,0,0.0,0.0,0.2784
blind_bank,I8,perception_closure_v04,3,policy_semantic_transfer,2500,2396,0,0.0,0.0,0.2676
blind_bank,I9,perception_closure_v04,3,corruption_composition_leave_out,2500,2371,0,0.0009624639076034649,0.0034223134839151265,0.2952
blind_bank,I9,perception_closure_v04,3,corruption_family_leave_out,2500,2385,0,0.0021321961620469083,0.0019206145966709346,0.2724
blind_bank,I9,perception_closure_v04,3,domain_leave_out,2500,2364,0,0.001834862385321101,0.0035460992907801418,0.2872
blind_bank,I9,perception_closure_v04,3,generator_leave_out,2500,2390,0,0.001996007984031936,0.004672897196261682,0.2744
blind_bank,I9,perception_closure_v04,3,long_horizon_recurrence,2500,2388,0,0.0017376194613379669,0.0029651593773165306,0.2764
blind_bank,I9,perception_closure_v04,3,policy_semantic_transfer,2500,2396,0,0.0026761819803746653,0.0036258158085569255,0.2656
blind_bank,P1,perception_closure_v04,3,corruption_composition_leave_out,2500,0,0,0.0,0.0,0.9484
blind_bank,P1,perception_closure_v04,3,corruption_family_leave_out,2500,0,0,0.0,0.0,0.954
blind_bank,P1,perception_closure_v04,3,domain_leave_out,2500,0,0,0.0,0.0,0.9456
blind_bank,P1,perception_closure_v04,3,generator_leave_out,2500,0,0,0.0,0.0,0.956
blind_bank,P1,perception_closure_v04,3,long_horizon_recurrence,2500,0,0,0.0,0.0,0.9552
blind_bank,P1,perception_closure_v04,3,policy_semantic_transfer,2500,0,0,0.0,0.0,0.9584
blind_bank,P4,perception_closure_v04,3,corruption_composition_leave_out,2500,0,0,0.0,0.0,0.9484
blind_bank,P4,perception_closure_v04,3,corruption_family_leave_out,2500,0,0,0.0,0.0,0.954
blind_bank,P4,perception_closure_v04,3,domain_leave_out,2500,0,0,0.0,0.0,0.9456
blind_bank,P4,perception_closure_v04,3,generator_leave_out,2500,0,0,0.0,0.0,0.956
blind_bank,P4,perception_closure_v04,3,long_horizon_recurrence,2500,0,0,0.0,0.0,0.9552
blind_bank,P4,perception_closure_v04,3,policy_semantic_transfer,2500,0,0,0.0,0.0,0.9584
blind_bank,P5,perception_closure_v04,3,corruption_composition_leave_out,2500,2371,6,0.0,0.002053388090349076,0.2952
blind_bank,P5,perception_closure_v04,3,corruption_family_leave_out,2500,2385,7,0.0,0.003201024327784891,0.2736
blind_bank,P5,perception_closure_v04,3,domain_leave_out,2500,2364,3,0.0,0.0014184397163120568,0.2872
blind_bank,P5,perception_closure_v04,3,generator_leave_out,2500,2390,2,0.0,0.0006675567423230974,0.2768
blind_bank,P5,perception_closure_v04,3,long_horizon_recurrence,2500,2388,2,0.0,0.0014825796886582653,0.278
blind_bank,P5,perception_closure_v04,3,policy_semantic_transfer,2500,2396,10,0.0,0.005801305293691081,0.2664
blind_bank,P6,perception_closure_v04,3,corruption_composition_leave_out,2500,2371,0,0.0,0.0,0.2964
blind_bank,P6,perception_closure_v04,3,corruption_family_leave_out,2500,2385,0,0.0,0.0,0.2752
blind_bank,P6,perception_closure_v04,3,domain_leave_out,2500,2364,0,0.0,0.0,0.2876
blind_bank,P6,perception_closure_v04,3,generator_leave_out,2500,2390,0,0.0,0.0,0.2768
blind_bank,P6,perception_closure_v04,3,long_horizon_recurrence,2500,2388,0,0.0,0.0,0.2784
blind_bank,P6,perception_closure_v04,3,policy_semantic_transfer,2500,2396,0,0.0,0.0,0.2676
blind_bank,P7,perception_closure_v04,3,corruption_composition_leave_out,2500,2371,0,0.0,0.0034223134839151265,0.2964
blind_bank,P7,perception_closure_v04,3,corruption_family_leave_out,2500,2385,0,0.0,0.002560819462227913,0.2744
blind_bank,P7,perception_closure_v04,3,domain_leave_out,2500,2364,0,0.0,0.0014184397163120568,0.2876
blind_bank,P7,perception_closure_v04,3,generator_leave_out,2500,2390,0,0.0,0.0033377837116154874,0.276
blind_bank,P7,perception_closure_v04,3,long_horizon_recurrence,2500,2388,0,0.0,0.0029651593773165306,0.2784
blind_bank,P7,perception_closure_v04,3,policy_semantic_transfer,2500,2396,0,0.0,0.005076142131979695,0.2672
blind_bank,P8,perception_closure_v04,3,corruption_composition_leave_out,2500,2371,0,0.0,0.0034223134839151265,0.2964
blind_bank,P8,perception_closure_v04,3,corruption_family_leave_out,2500,2385,0,0.0,0.002560819462227913,0.2744
blind_bank,P8,perception_closure_v04,3,domain_leave_out,2500,2364,0,0.0,0.0014184397163120568,0.2876
blind_bank,P8,perception_closure_v04,3,generator_leave_out,2500,2390,0,0.0,0.0033377837116154874,0.276
blind_bank,P8,perception_closure_v04,3,long_horizon_recurrence,2500,2388,0,0.0,0.0029651593773165306,0.2784
blind_bank,P8,perception_closure_v04,3,policy_semantic_transfer,2500,2396,0,0.0,0.005076142131979695,0.2672
blind_bank,P9,perception_closure_v04,3,corruption_composition_leave_out,2500,2371,0,0.0,0.0006844626967830253,0.2948
blind_bank,P9,perception_closure_v04,3,corruption_family_leave_out,2500,2385,0,0.0,0.0,0.2744
blind_bank,P9,perception_closure_v04,3,domain_leave_out,2500,2364,0,0.0,0.0,0.2864
blind_bank,P9,perception_closure_v04,3,generator_leave_out,2500,2390,0,0.0,0.0,0.2752
blind_bank,P9,perception_closure_v04,3,long_horizon_recurrence,2500,2388,0,0.0,0.0014825796886582653,0.2768
blind_bank,P9,perception_closure_v04,3,policy_semantic_transfer,2500,2396,0,0.0,0.0007251631617113851,0.2648
blind_bank,P10,perception_closure_v04,3,corruption_composition_leave_out,2500,2371,0,0.0,0.0006844626967830253,0.2948
blind_bank,P10,perception_closure_v04,3,corruption_family_leave_out,2500,2385,0,0.0,0.0,0.2744
blind_bank,P10,perception_closure_v04,3,domain_leave_out,2500,2364,0,0.0,0.0,0.2864
blind_bank,P10,perception_closure_v04,3,generator_leave_out,2500,2390,0,0.0,0.0,0.2752
blind_bank,P10,perception_closure_v04,3,long_horizon_recurrence,2500,2388,0,0.0,0.0014825796886582653,0.2768
blind_bank,P10,perception_closure_v04,3,policy_semantic_transfer,2500,2396,0,0.0,0.0007251631617113851,0.2648
blind_bank,P11,perception_closure_v04,3,corruption_composition_leave_out,2500,0,0,0.0,0.0,0.9484
blind_bank,P11,perception_closure_v04,3,corruption_family_leave_out,2500,0,0,0.0,0.0,0.954
blind_bank,P11,perception_closure_v04,3,domain_leave_out,2500,0,0,0.0,0.0,0.9456
blind_bank,P11,perception_closure_v04,3,generator_leave_out,2500,0,0,0.0,0.0,0.956
blind_bank,P11,perception_closure_v04,3,long_horizon_recurrence,2500,0,0,0.0,0.0,0.9552
blind_bank,P11,perception_closure_v04,3,policy_semantic_transfer,2500,0,0,0.0,0.0,0.9584
blind_bank,L1,perception_closure_v04,3,corruption_composition_leave_out,2500,2371,0,0.0,0.0,0.2964
blind_bank,L1,perception_closure_v04,3,corruption_family_leave_out,2500,2385,0,0.0,0.0,0.2752
blind_bank,L1,perception_closure_v04,3,domain_leave_out,2500,2364,0,0.0,0.0,0.2876
blind_bank,L1,perception_closure_v04,3,generator_leave_out,2500,2390,0,0.0,0.0,0.2768
blind_bank,L1,perception_closure_v04,3,long_horizon_recurrence,2500,2388,0,0.0,0.0,0.2784
blind_bank,L1,perception_closure_v04,3,policy_semantic_transfer,2500,2396,0,0.0,0.0,0.2676
blind_bank,L2,perception_closure_v04,3,corruption_composition_leave_out,2500,2371,0,0.0,0.0,0.2964
blind_bank,L2,perception_closure_v04,3,corruption_family_leave_out,2500,2385,0,0.0,0.0,0.2752
blind_bank,L2,perception_closure_v04,3,domain_leave_out,2500,2364,0,0.0,0.0,0.2876
blind_bank,L2,perception_closure_v04,3,generator_leave_out,2500,2390,0,0.0,0.0,0.2768
blind_bank,L2,perception_closure_v04,3,long_horizon_recurrence,2500,2388,0,0.0,0.0,0.2784
blind_bank,L2,perception_closure_v04,3,policy_semantic_transfer,2500,2396,0,0.0,0.0,0.2676
blind_bank,L3,perception_closure_v04,3,corruption_composition_leave_out,2500,2371,6,0.0,0.002053388090349076,0.2952
blind_bank,L3,perception_closure_v04,3,corruption_family_leave_out,2500,2385,7,0.0,0.003201024327784891,0.2736
blind_bank,L3,perception_closure_v04,3,domain_leave_out,2500,2364,3,0.0,0.0014184397163120568,0.2872
blind_bank,L3,perception_closure_v04,3,generator_leave_out,2500,2390,2,0.0,0.0006675567423230974,0.2768
blind_bank,L3,perception_closure_v04,3,long_horizon_recurrence,2500,2388,2,0.0,0.0014825796886582653,0.278
blind_bank,L3,perception_closure_v04,3,policy_semantic_transfer,2500,2396,10,0.0,0.005801305293691081,0.2664
blind_bank,L4,perception_closure_v04,3,corruption_composition_leave_out,2500,2371,0,0.0,0.0,0.2964
blind_bank,L4,perception_closure_v04,3,corruption_family_leave_out,2500,2385,0,0.0,0.0,0.2752
blind_bank,L4,perception_closure_v04,3,domain_leave_out,2500,2364,0,0.0,0.0,0.2876
blind_bank,L4,perception_closure_v04,3,generator_leave_out,2500,2390,0,0.0,0.0,0.2768
blind_bank,L4,perception_closure_v04,3,long_horizon_recurrence,2500,2388,0,0.0,0.0,0.2784
blind_bank,L4,perception_closure_v04,3,policy_semantic_transfer,2500,2396,0,0.0,0.0,0.2676
blind_bank,L10,perception_closure_v04,3,corruption_composition_leave_out,2500,2371,6,0.0,0.002053388090349076,0.2952
blind_bank,L10,perception_closure_v04,3,corruption_family_leave_out,2500,2385,7,0.0,0.003201024327784891,0.2736
blind_bank,L10,perception_closure_v04,3,domain_leave_out,2500,2364,3,0.0,0.0014184397163120568,0.2872
blind_bank,L10,perception_closure_v04,3,generator_leave_out,2500,2390,2,0.0,0.0006675567423230974,0.2768
blind_bank,L10,perception_closure_v04,3,long_horizon_recurrence,2500,2388,2,0.0,0.0014825796886582653,0.278
blind_bank,L10,perception_closure_v04,3,policy_semantic_transfer,2500,2396,10,0.0,0.005801305293691081,0.2664
